REF_AREA,TIME_PERIOD,OBS_VALUE,category
DNK,2002-Q2,33885.9,Investment
DNK,1972-Q3,4992.8,Public_spending
DNK,1972-Q2,4901.9,Public_spending
DNK,2010-Q2,42562.8,Investment
DNK,1974-Q3,6589.8,Public_spending
DNK,1974-Q2,6237.1,Public_spending
DNK,1974-Q1,5963.6,Public_spending
DNK,1973-Q4,5699.6,Public_spending
DNK,1973-Q3,5475,Public_spending
DNK,1973-Q2,5304.6,Public_spending
DNK,1973-Q1,5173,Public_spending
DNK,1995-Q2,22160,Investment
DNK,1979-Q2,10886.7,Public_spending
DNK,1979-Q1,10527.4,Public_spending
DNK,1978-Q4,10140.1,Public_spending
DNK,1978-Q3,9795.4,Public_spending
DNK,1978-Q2,9424.5,Public_spending
DNK,1978-Q1,9114.4,Public_spending
DNK,1977-Q4,8969.5,Public_spending
DNK,1977-Q3,8706.2,Public_spending
DNK,1977-Q2,8361.6,Public_spending
DNK,1977-Q1,8246.1,Public_spending
DNK,1976-Q4,8219.1,Public_spending
DNK,1976-Q3,8041.8,Public_spending
DNK,1976-Q2,7917,Public_spending
DNK,1976-Q1,7680.8,Public_spending
DNK,1975-Q4,7382.6,Public_spending
DNK,1975-Q3,7413.7,Public_spending
DNK,1975-Q2,7201,Public_spending
DNK,1972-Q1,4805.8,Public_spending
DNK,1989-Q1,21428.6,Public_spending
DNK,1988-Q4,21394.8,Public_spending
DNK,1988-Q3,21117.2,Public_spending
DNK,1988-Q2,21103,Public_spending
DNK,1988-Q1,19925.6,Public_spending
DNK,1987-Q4,19986,Public_spending
DNK,1987-Q3,19834.6,Public_spending
DNK,1987-Q2,19635.9,Public_spending
DNK,1987-Q1,18956.7,Public_spending
DNK,1986-Q4,18369.9,Public_spending
DNK,1986-Q3,18101.3,Public_spending
DNK,1986-Q2,17967.8,Public_spending
DNK,1986-Q1,18059.2,Public_spending
DNK,1985-Q4,17988.7,Public_spending
DNK,1985-Q3,17850.4,Public_spending
DNK,1985-Q2,17664.3,Public_spending
DNK,1985-Q1,17440.5,Public_spending
DNK,1984-Q4,17172,Public_spending
DNK,1984-Q3,16828.5,Public_spending
DNK,1984-Q2,16756.5,Public_spending
DNK,1984-Q1,16667.8,Public_spending
DNK,1983-Q4,16677,Public_spending
DNK,1983-Q3,16583.7,Public_spending
DNK,1983-Q2,16520,Public_spending
DNK,1983-Q1,16519.1,Public_spending
DNK,1982-Q4,16518.7,Public_spending
DNK,1982-Q3,16170.2,Public_spending
DNK,1982-Q2,15865.1,Public_spending
DNK,1982-Q1,15337,Public_spending
DNK,1981-Q4,14931.3,Public_spending
DNK,1981-Q3,14451.5,Public_spending
DNK,1981-Q2,14180.5,Public_spending
DNK,1981-Q1,13674.1,Public_spending
DNK,1980-Q4,13203.1,Public_spending
DNK,1980-Q3,12963.4,Public_spending
DNK,1963-Q3,1558.5,Public_spending
DNK,1972-Q4,5088.7,Public_spending
DNK,1963-Q1,1550,Public_spending
DNK,1962-Q4,1554.1,Public_spending
DNK,1962-Q3,1480.3,Public_spending
DNK,1962-Q2,1463.3,Public_spending
DNK,1962-Q1,1419.7,Public_spending
DNK,1961-Q4,1365,Public_spending
DNK,1961-Q3,1315.2,Public_spending
DNK,1961-Q2,1242.9,Public_spending
DNK,1961-Q1,1180.8,Public_spending
DNK,1960-Q4,1124.5,Public_spending
DNK,1960-Q3,1082.8,Public_spending
DNK,1960-Q2,1048.5,Public_spending
DNK,1960-Q1,1037,Public_spending
DNK,2019-Q2,84236.1,Public_spending
DNK,2019-Q1,82903.4,Public_spending
DNK,2018-Q4,82076.5,Public_spending
DNK,2018-Q3,80960.7,Public_spending
DNK,2018-Q2,80848.4,Public_spending
DNK,2018-Q1,80493.4,Public_spending
DNK,2017-Q4,79608.3,Public_spending
DNK,2017-Q3,79180.8,Public_spending
DNK,2017-Q2,77452.3,Public_spending
DNK,2017-Q1,76427.1,Public_spending
DNK,2016-Q4,74355,Public_spending
DNK,2016-Q3,75295,Public_spending
DNK,2016-Q2,74339.4,Public_spending
DNK,2016-Q1,73148.7,Public_spending
DNK,2015-Q4,71540.4,Public_spending
DNK,2015-Q3,71640.3,Public_spending
DNK,2015-Q2,71068.1,Public_spending
DNK,2015-Q1,70702.7,Public_spending
DNK,2014-Q4,70841.6,Public_spending
DNK,2014-Q3,70487,Public_spending
DNK,2014-Q2,69237,Public_spending
DNK,2014-Q1,69270,Public_spending
DNK,2013-Q4,69618.7,Public_spending
DNK,2013-Q3,69365.6,Public_spending
DNK,2013-Q2,67857.5,Public_spending
DNK,2013-Q1,66912,Public_spending
DNK,2012-Q4,68319.2,Public_spending
DNK,2012-Q3,66181.7,Public_spending
DNK,2012-Q2,65645.1,Public_spending
DNK,2012-Q1,65762.2,Public_spending
DNK,2011-Q4,64790,Public_spending
DNK,2011-Q3,65940.9,Public_spending
DNK,2011-Q2,66967.8,Public_spending
DNK,2011-Q1,65579.8,Public_spending
DNK,2010-Q4,66032.2,Public_spending
DNK,2010-Q3,65631.7,Public_spending
DNK,2010-Q2,65228.2,Public_spending
DNK,2010-Q1,64639.9,Public_spending
DNK,2009-Q4,63414.7,Public_spending
DNK,2009-Q3,62729.1,Public_spending
DNK,2009-Q2,61931.6,Public_spending
DNK,2009-Q1,61254.6,Public_spending
DNK,2008-Q4,59954,Public_spending
DNK,1969-Q2,3352.6,Public_spending
DNK,1969-Q1,3247.8,Public_spending
DNK,1994-Q4,27762.1,Public_spending
DNK,1994-Q3,27307.3,Public_spending
DNK,1994-Q2,27329.4,Public_spending
DNK,1994-Q1,27443.4,Public_spending
DNK,1993-Q4,27149.5,Public_spending
DNK,1993-Q3,26614.1,Public_spending
DNK,1993-Q2,26263.6,Public_spending
DNK,1993-Q1,25595.5,Public_spending
DNK,1992-Q4,25348.4,Public_spending
DNK,1992-Q3,24813.7,Public_spending
DNK,1992-Q2,24312,Public_spending
DNK,1992-Q1,24118.2,Public_spending
DNK,1991-Q4,23984.8,Public_spending
DNK,1991-Q3,23903,Public_spending
DNK,1991-Q2,23496.7,Public_spending
DNK,1991-Q1,23317.6,Public_spending
DNK,1975-Q1,7026.6,Public_spending
DNK,1974-Q4,6825.4,Public_spending
DNK,1999-Q1,34149.6,Public_spending
DNK,1998-Q4,33536.5,Public_spending
DNK,1998-Q3,33369,Public_spending
DNK,1998-Q2,32845.2,Public_spending
DNK,1998-Q1,32420.4,Public_spending
DNK,1997-Q4,31299.4,Public_spending
DNK,1997-Q3,31425.1,Public_spending
DNK,1997-Q2,31086.6,Public_spending
DNK,1997-Q1,30757.7,Public_spending
DNK,1996-Q4,30459.6,Public_spending
DNK,1996-Q3,30378.2,Public_spending
DNK,1996-Q2,30108.3,Public_spending
DNK,1996-Q1,29508.1,Public_spending
DNK,1995-Q4,28921.4,Public_spending
DNK,2008-Q3,58227.2,Public_spending
DNK,2008-Q2,56101.6,Public_spending
DNK,2008-Q1,53877,Public_spending
DNK,2007-Q4,54124.7,Public_spending
DNK,2007-Q3,51907.3,Public_spending
DNK,2007-Q2,50917.7,Public_spending
DNK,2007-Q1,50920.1,Public_spending
DNK,2006-Q4,50076.9,Public_spending
DNK,2006-Q3,49670.2,Public_spending
DNK,2006-Q2,49109,Public_spending
DNK,2006-Q1,48116.4,Public_spending
DNK,2005-Q4,46704.4,Public_spending
DNK,2005-Q3,45515.4,Public_spending
DNK,2005-Q2,44932.2,Public_spending
DNK,2005-Q1,44514,Public_spending
DNK,2004-Q4,44811.2,Public_spending
DNK,2004-Q3,44623,Public_spending
DNK,2004-Q2,44543.7,Public_spending
DNK,1995-Q3,28695.8,Public_spending
DNK,1995-Q2,28336,Public_spending
DNK,1995-Q1,28257.8,Public_spending
DNK,2024-Q4,106485.4,Public_spending
DNK,2024-Q3,104256.3,Public_spending
DNK,2024-Q2,103831.5,Public_spending
DNK,2024-Q1,101217.9,Public_spending
DNK,2023-Q4,99317,Public_spending
DNK,2023-Q3,100074.5,Public_spending
DNK,2023-Q2,99554.4,Public_spending
DNK,2023-Q1,99062.3,Public_spending
DNK,2022-Q4,100048,Public_spending
DNK,2022-Q3,99472.7,Public_spending
DNK,2022-Q2,99582.5,Public_spending
DNK,2022-Q1,102209.8,Public_spending
DNK,2021-Q4,102938.8,Public_spending
DNK,2021-Q3,96819.1,Public_spending
DNK,2021-Q2,97238.7,Public_spending
DNK,2021-Q1,93437.6,Public_spending
DNK,2020-Q4,93254.8,Public_spending
DNK,2020-Q3,90341,Public_spending
DNK,2020-Q2,88757.8,Public_spending
DNK,2020-Q1,89686.8,Public_spending
DNK,2019-Q4,89431.7,Public_spending
DNK,2019-Q3,85644.2,Public_spending
DNK,1971-Q4,4697.9,Public_spending
DNK,1971-Q3,4585.1,Public_spending
DNK,1971-Q2,4464.7,Public_spending
DNK,1971-Q1,4312,Public_spending
DNK,1970-Q4,4167.7,Public_spending
DNK,1970-Q3,4013.7,Public_spending
DNK,1970-Q2,3814.7,Public_spending
DNK,1970-Q1,3698.8,Public_spending
DNK,1969-Q4,3584,Public_spending
DNK,1969-Q3,3458.2,Public_spending
DNK,1968-Q4,3129.1,Public_spending
DNK,1968-Q3,3037.6,Public_spending
DNK,1968-Q2,2959.6,Public_spending
DNK,1968-Q1,2831.6,Public_spending
DNK,1967-Q4,2766.8,Public_spending
DNK,1967-Q3,2706.1,Public_spending
DNK,1967-Q2,2499.5,Public_spending
DNK,1967-Q1,2464.4,Public_spending
DNK,1966-Q4,2404.9,Public_spending
DNK,1966-Q3,2340.3,Public_spending
DNK,1966-Q2,2288.8,Public_spending
DNK,1980-Q2,12597.5,Public_spending
DNK,1980-Q1,12241.2,Public_spending
DNK,1979-Q4,11698.7,Public_spending
DNK,1979-Q3,11204.1,Public_spending
DNK,1963-Q2,1567.1,Public_spending
CRI,2020-Q1,117935.2,GDP
CRI,2019-Q4,118555.3,GDP
CRI,2019-Q3,117903,GDP
CRI,2019-Q2,116646.2,GDP
CRI,2019-Q1,112981.6,GDP
CRI,2018-Q4,108535,GDP
CRI,2018-Q3,107278.2,GDP
CRI,2018-Q2,106362.6,GDP
CRI,2018-Q1,104320.3,GDP
CRI,2017-Q4,103458.5,GDP
CRI,2014-Q1,77263.7,GDP
CRI,2013-Q4,75400.5,GDP
CRI,2013-Q3,74090.4,GDP
CRI,2013-Q2,72044.2,GDP
CRI,2013-Q1,71594,GDP
CRI,2012-Q4,70857.5,GDP
CRI,2012-Q3,69340.9,GDP
CRI,2012-Q2,68429.5,GDP
CRI,2012-Q1,67801.6,GDP
CRI,2011-Q4,66106.3,GDP
CRI,2011-Q3,65149,GDP
CRI,2011-Q2,64489.3,GDP
CRI,2011-Q1,62654.3,GDP
CRI,2010-Q4,61990.7,GDP
CRI,2010-Q3,61221.3,GDP
CRI,2010-Q2,60109.1,GDP
CRI,2010-Q1,59205.7,GDP
CRI,2009-Q4,58276.2,GDP
CRI,2009-Q3,57176.7,GDP
CRI,2009-Q2,56353.7,GDP
CRI,2009-Q1,55642.1,GDP
CRI,2008-Q4,57054,GDP
CRI,2008-Q3,57486.4,GDP
CRI,2008-Q2,56800,GDP
CRI,2008-Q1,56423.3,GDP
CRI,2007-Q4,55110.5,GDP
CRI,2007-Q3,53916.2,GDP
CRI,2007-Q2,52988.3,GDP
CRI,2007-Q1,51382.5,GDP
CRI,2006-Q4,50270.9,GDP
CRI,2006-Q3,48628.4,GDP
CRI,2006-Q2,47264.1,GDP
CRI,2006-Q1,45774,GDP
CRI,2005-Q4,44827.7,GDP
CRI,2005-Q3,43890.3,GDP
CRI,2005-Q2,42762.5,GDP
CRI,2005-Q1,42032.2,GDP
CRI,2004-Q4,41506.6,GDP
CRI,2004-Q3,40650.8,GDP
CRI,2004-Q2,40215.1,GDP
CRI,2004-Q1,39366.1,GDP
CRI,2003-Q4,38694.2,GDP
CRI,2003-Q3,38019.2,GDP
CRI,2003-Q2,37348,GDP
CRI,2003-Q1,36805.6,GDP
CRI,2002-Q4,36133.7,GDP
CRI,2002-Q3,35799.5,GDP
CRI,2002-Q2,35360.3,GDP
CRI,2002-Q1,34570.5,GDP
CRI,2001-Q4,34307.1,GDP
CRI,2001-Q3,34033.2,GDP
CRI,2001-Q2,33504.3,GDP
CRI,2001-Q1,33210.8,GDP
CRI,2000-Q4,32522.4,GDP
CRI,2000-Q3,32119.9,GDP
CRI,2000-Q2,31613.6,GDP
CRI,2000-Q1,31362,GDP
CRI,1999-Q4,30883,GDP
CRI,1999-Q3,30203.5,GDP
DNK,2001-Q1,37234.5,Public_spending
DNK,2004-Q1,43606.4,Public_spending
DNK,2003-Q4,42511.7,Public_spending
DNK,2003-Q3,41708,Public_spending
DNK,2003-Q2,41355.2,Public_spending
DNK,2003-Q1,40857.8,Public_spending
DNK,1990-Q4,22875.2,Public_spending
DNK,1990-Q3,22670.4,Public_spending
DNK,1990-Q2,22334,Public_spending
DNK,1990-Q1,21847.5,Public_spending
DNK,1989-Q4,21688.8,Public_spending
DNK,1989-Q3,21523,Public_spending
DNK,1989-Q2,21412.4,Public_spending
DNK,1999-Q2,34386.4,Public_spending
DNK,1993-Q4,107205.4,GDP
DNK,1993-Q3,104833.3,GDP
DNK,1993-Q2,103488.8,GDP
DNK,1993-Q1,103012.1,GDP
DNK,1992-Q4,104117.2,GDP
DNK,1992-Q3,103299,GDP
DNK,1992-Q2,100688.8,GDP
DNK,1992-Q1,100775.9,GDP
DNK,1991-Q4,98460.3,GDP
DNK,1991-Q3,98936.1,GDP
DNK,1991-Q2,98010.9,GDP
DNK,1991-Q1,96521.7,GDP
DNK,1990-Q4,94867.4,GDP
DNK,1990-Q3,94282.8,GDP
DNK,1990-Q2,93938.1,GDP
DNK,1990-Q1,91119.8,GDP
DNK,1989-Q4,89994.3,GDP
DNK,1989-Q3,87609.8,GDP
DNK,1989-Q2,87759.8,GDP
DNK,1989-Q1,88231.2,GDP
DNK,1988-Q4,86773.4,GDP
DNK,1988-Q3,84036.6,GDP
CRI,1991-Q4,17830.3,GDP
CRI,1991-Q3,17052.3,GDP
CRI,1991-Q2,16823.3,GDP
CRI,1991-Q1,16476.1,GDP
CRI,1994-Q1,21680.7,GDP
CRI,1993-Q4,21599.6,GDP
CRI,1993-Q3,21171.7,GDP
CRI,1993-Q2,20576.3,GDP
CRI,1993-Q1,20141.1,GDP
CRI,1992-Q4,19598.6,GDP
CRI,1992-Q3,19609.1,GDP
CRI,1992-Q2,18707.7,GDP
CRI,1992-Q1,18189.7,GDP
CRI,2017-Q3,101260.4,GDP
CRI,2017-Q2,100707.2,GDP
CRI,2017-Q1,98096.9,GDP
CRI,2016-Q4,96687.2,GDP
CRI,2016-Q3,94611.5,GDP
CRI,2016-Q2,91942,GDP
CRI,2016-Q1,90627,GDP
CRI,2015-Q4,87386.6,GDP
CRI,2015-Q3,86815.2,GDP
CRI,2015-Q2,84805.1,GDP
CRI,2015-Q1,82017.9,GDP
CRI,2014-Q4,81401,GDP
CRI,2014-Q3,80005.3,GDP
CRI,2014-Q2,78536.4,GDP
CRI,1995-Q4,23941.2,GDP
CRI,1995-Q3,23516.2,GDP
CRI,1995-Q2,23410,GDP
CRI,1995-Q1,23631.7,GDP
CRI,1994-Q4,22566,GDP
CRI,1994-Q3,22550.7,GDP
CRI,1994-Q2,22354.8,GDP
CRI,1999-Q2,29775.7,GDP
CRI,1999-Q1,29098.8,GDP
CRI,1998-Q4,29118.2,GDP
CRI,1998-Q3,28341.7,GDP
CRI,1998-Q2,28022.2,GDP
CRI,1998-Q1,27926.2,GDP
CRI,1997-Q4,27243.2,GDP
CRI,1997-Q3,26246.1,GDP
CRI,1997-Q2,25881.3,GDP
CRI,1997-Q1,25238.9,GDP
CRI,1996-Q4,25028.9,GDP
CRI,1996-Q3,24572.7,GDP
CRI,1996-Q2,24073.2,GDP
CRI,1996-Q1,24012.6,GDP
CRI,2024-Q4,157263.9,GDP
CRI,2024-Q3,154170,GDP
DNK,1966-Q1,2228,Public_spending
DNK,1965-Q4,2148.4,Public_spending
DNK,1965-Q3,2097.7,Public_spending
DNK,1965-Q2,1997.3,Public_spending
DNK,1965-Q1,1939.5,Public_spending
DNK,1964-Q4,1885.8,Public_spending
DNK,1964-Q3,1820.2,Public_spending
DNK,1964-Q2,1748.5,Public_spending
DNK,1964-Q1,1671.2,Public_spending
DNK,1963-Q4,1601.4,Public_spending
CRI,2020-Q2,107289.6,GDP
DNK,2012-Q2,248877.3,GDP
DNK,2012-Q1,247642.7,GDP
DNK,2011-Q4,248214.4,GDP
DNK,2011-Q3,246494.8,GDP
DNK,2011-Q2,249102.9,GDP
DNK,2011-Q1,246499.2,GDP
DNK,2010-Q4,243281.3,GDP
DNK,2010-Q3,242186.8,GDP
DNK,2010-Q2,237043.9,GDP
DNK,2010-Q1,232733.6,GDP
DNK,2009-Q4,227021.5,GDP
DNK,2009-Q3,223825.3,GDP
DNK,2009-Q2,220534.2,GDP
DNK,2009-Q1,223459.3,GDP
DNK,2008-Q4,228258.9,GDP
DNK,2008-Q3,230834.6,GDP
DNK,1984-Q4,69535.7,GDP
DNK,1984-Q3,68887.4,GDP
DNK,1984-Q2,67508.1,GDP
DNK,1984-Q1,66376,GDP
DNK,1983-Q4,64883.5,GDP
DNK,1983-Q3,63055.4,GDP
DNK,1983-Q2,62928,GDP
DNK,1983-Q1,61625.2,GDP
DNK,1982-Q4,60677.6,GDP
DNK,1982-Q3,60195.4,GDP
DNK,1974-Q3,28755.2,GDP
DNK,1974-Q2,28279.3,GDP
DNK,1974-Q1,27925.4,GDP
DNK,1973-Q4,27310.4,GDP
DNK,1973-Q3,26868.4,GDP
DNK,1973-Q2,26339.7,GDP
DNK,1973-Q1,25693.7,GDP
DNK,1972-Q4,25061.1,GDP
DNK,1972-Q3,24509.8,GDP
DNK,1972-Q2,24008.7,GDP
DNK,1972-Q1,23540.2,GDP
DNK,1971-Q4,22934.5,GDP
DNK,1971-Q3,22466.2,GDP
DNK,1971-Q2,21945.5,GDP
DNK,1971-Q1,21413.9,GDP
DNK,1970-Q4,21037.2,GDP
DNK,1970-Q3,20672.1,GDP
DNK,1970-Q2,20375.9,GDP
DNK,1970-Q1,20055.3,GDP
DNK,1969-Q4,19602.6,GDP
DNK,1969-Q3,19190.9,GDP
DNK,1969-Q2,18630,GDP
DNK,1969-Q1,18078.8,GDP
DNK,1968-Q4,17447.5,GDP
DNK,1968-Q3,16916.3,GDP
DNK,1968-Q2,16548.4,GDP
DNK,1968-Q1,16188.5,GDP
DNK,1967-Q4,15855.7,GDP
DNK,1967-Q3,15525.7,GDP
DNK,1967-Q2,15014.8,GDP
DNK,1967-Q1,14728.8,GDP
DNK,1966-Q4,14478.3,GDP
DNK,1966-Q3,14250.1,GDP
DNK,1966-Q2,14043.4,GDP
DNK,1966-Q1,13751.6,GDP
DNK,1965-Q4,13518.8,GDP
DNK,1965-Q3,13244.5,GDP
DNK,1965-Q2,12971.2,GDP
DNK,1965-Q1,12713.1,GDP
DNK,1964-Q4,12429.1,GDP
DNK,1964-Q3,12139.8,GDP
DNK,1964-Q2,11828.4,GDP
DNK,1964-Q1,11441.9,GDP
DNK,2002-Q4,41322.5,Public_spending
DNK,2002-Q3,41491.5,Public_spending
DNK,2002-Q2,40972.1,Public_spending
DNK,2002-Q1,40099.1,Public_spending
DNK,2001-Q4,39639.3,Public_spending
DNK,2001-Q3,38770.6,Public_spending
DNK,2001-Q2,37930.4,Public_spending
DNK,2000-Q4,37267.9,Public_spending
DNK,2000-Q3,36891.9,Public_spending
DNK,2000-Q2,36272.9,Public_spending
DNK,2000-Q1,35741,Public_spending
DNK,1999-Q4,35185.8,Public_spending
DNK,1999-Q3,34551.4,Public_spending
DNK,1994-Q1,108995.2,GDP
DNK,1998-Q3,137740.8,GDP
DNK,1998-Q2,135136.4,GDP
DNK,1998-Q1,135808.2,GDP
DNK,1997-Q4,133651.8,GDP
DNK,1997-Q3,131744.6,GDP
DNK,1997-Q2,131533.8,GDP
DNK,1997-Q1,129056.8,GDP
DNK,1996-Q4,126736.5,GDP
DNK,1996-Q3,126039.5,GDP
DNK,1996-Q2,124931.8,GDP
DNK,1996-Q1,121527.5,GDP
DNK,1995-Q4,120291.3,GDP
DNK,1995-Q3,118575.2,GDP
DNK,1995-Q2,117879,GDP
DNK,1995-Q1,117647.5,GDP
DNK,2024-Q4,475743.5,GDP
DNK,2024-Q3,464025.2,GDP
DNK,1988-Q2,84540.7,GDP
DNK,1988-Q1,83523.8,GDP
DNK,1987-Q4,82857.1,GDP
DNK,1987-Q3,81255.6,GDP
DNK,1987-Q2,82016.9,GDP
DNK,1987-Q1,79154.5,GDP
DNK,1986-Q4,79900.6,GDP
DNK,1986-Q3,79337,GDP
DNK,1986-Q2,79121.1,GDP
DNK,1986-Q1,78315.4,GDP
DNK,1985-Q4,76412.7,GDP
DNK,1985-Q3,74446.1,GDP
DNK,1985-Q2,71851.8,GDP
DNK,1985-Q1,70395.6,GDP
DNK,1982-Q2,58608.9,GDP
DNK,1982-Q1,56932.8,GDP
DNK,1981-Q4,55554.2,GDP
DNK,1981-Q3,54460.7,GDP
DNK,1981-Q2,53114.6,GDP
DNK,1981-Q1,52203.8,GDP
DNK,1980-Q4,51007.6,GDP
DNK,1980-Q3,49549.9,GDP
DNK,1980-Q2,49496.2,GDP
DNK,1980-Q1,49588.4,GDP
DNK,1979-Q4,48193,GDP
DNK,1979-Q3,46738.3,GDP
DNK,1979-Q2,45807.2,GDP
DNK,1979-Q1,44164.5,GDP
DNK,1978-Q4,42760.5,GDP
DNK,1978-Q3,41913.9,GDP
DNK,1978-Q2,40508.5,GDP
DNK,1978-Q1,38910.9,GDP
DNK,1977-Q4,38942.1,GDP
DNK,1977-Q3,38419.1,GDP
DNK,1977-Q2,36653.7,GDP
DNK,1977-Q1,35769.4,GDP
DNK,1976-Q4,35740.5,GDP
DNK,1976-Q3,35063,GDP
DNK,1976-Q2,34177.9,GDP
DNK,1976-Q1,33122.7,GDP
DNK,1975-Q4,31895.3,GDP
DNK,1975-Q3,31109.6,GDP
DNK,1975-Q2,30296.1,GDP
DNK,1975-Q1,29956.7,GDP
DNK,1974-Q4,29537.5,GDP
DNK,2019-Q1,341721.9,GDP
DNK,2018-Q4,337584.8,GDP
DNK,2018-Q3,333716.4,GDP
DNK,2018-Q2,328968.5,GDP
CRI,2024-Q2,152421,GDP
CRI,2024-Q1,149546.7,GDP
CRI,2023-Q4,147088,GDP
CRI,2023-Q3,145060.2,GDP
CRI,2023-Q2,142263.2,GDP
CRI,2023-Q1,139150.7,GDP
CRI,2022-Q4,136576.4,GDP
CRI,2022-Q3,132854.5,GDP
CRI,2022-Q2,130051,GDP
CRI,2022-Q1,127252.4,GDP
CRI,2021-Q4,124901.7,GDP
CRI,2021-Q3,123129.3,GDP
CRI,2021-Q2,118745.6,GDP
CRI,2021-Q1,115647.9,GDP
CRI,2020-Q4,110723.7,GDP
CRI,2020-Q3,108238.6,GDP
DNK,2012-Q3,250910,GDP
CRI,2004-Q2,8036.5,Investment
CRI,2004-Q1,7647,Investment
CRI,2003-Q4,7495.5,Investment
CRI,2003-Q3,7186,Investment
CRI,2003-Q2,7798.6,Investment
CRI,2003-Q1,7391.4,Investment
CRI,2002-Q4,6998.7,Investment
CRI,2002-Q3,6973.4,Investment
CRI,2002-Q2,7074.3,Investment
CRI,2002-Q1,7027.8,Investment
CRI,2001-Q4,7182.4,Investment
CRI,2001-Q3,6759.8,Investment
CRI,2001-Q2,6534.3,Investment
CRI,2001-Q1,6289.7,Investment
CRI,2000-Q4,6120.2,Investment
CRI,2000-Q3,6374.1,Investment
CRI,2000-Q2,6463,Investment
CRI,2000-Q1,6189.9,Investment
CRI,2024-Q4,25281.3,Investment
CRI,2024-Q3,24211.4,Investment
CRI,2024-Q2,24076.2,Investment
CRI,2024-Q1,23420.1,Investment
CRI,2023-Q4,22141.9,Investment
CRI,2023-Q3,24262.9,Investment
CRI,2023-Q2,23004.7,Investment
CRI,2023-Q1,23424.4,Investment
CRI,2022-Q4,23023,Investment
CRI,2022-Q3,21862.3,Investment
CRI,2022-Q2,21445.5,Investment
DNK,2005-Q4,190305.2,GDP
DNK,2005-Q3,186464.6,GDP
DNK,2005-Q2,184712.6,GDP
DNK,2005-Q1,180750.1,GDP
DNK,2008-Q1,224669.1,GDP
DNK,2007-Q4,221327.7,GDP
DNK,2007-Q3,214675.4,GDP
DNK,2007-Q2,209059.5,GDP
DNK,2007-Q1,209467.4,GDP
DNK,2006-Q4,206319.6,GDP
DNK,2006-Q3,206193.6,GDP
DNK,2006-Q2,204957,GDP
DNK,2006-Q1,196106.8,GDP
DNK,2024-Q2,451848.7,GDP
DNK,2024-Q1,442654.1,GDP
DNK,2023-Q4,436949.4,GDP
DNK,2023-Q3,433595.2,GDP
DNK,2023-Q2,435616.8,GDP
DNK,2023-Q1,447935.9,GDP
DNK,2022-Q4,454950.5,GDP
DNK,2022-Q3,467096.2,GDP
DNK,2022-Q2,459846.2,GDP
DNK,2022-Q1,445492.9,GDP
DNK,2021-Q4,438819.8,GDP
DNK,2021-Q3,415257.6,GDP
DNK,2021-Q2,399144.4,GDP
DNK,2021-Q1,381029.1,GDP
DNK,2020-Q4,375460.4,GDP
DNK,2020-Q3,372580.4,GDP
DNK,2020-Q2,347077.6,GDP
DNK,2020-Q1,366980.3,GDP
DNK,2019-Q4,362418.3,GDP
DNK,2019-Q3,355962,GDP
DNK,2019-Q2,349546.4,GDP
DNK,1963-Q4,10983.5,GDP
DNK,1963-Q3,10669.8,GDP
DNK,1963-Q2,10435.3,GDP
DNK,1963-Q1,10366.4,GDP
DNK,1962-Q4,10346.1,GDP
DNK,1962-Q3,10271.7,GDP
DNK,1962-Q2,10131.7,GDP
DNK,1962-Q1,9935,GDP
DNK,1961-Q4,9610,GDP
DNK,1961-Q3,9362.5,GDP
DNK,1961-Q2,9113.8,GDP
DNK,1961-Q1,8834.4,GDP
DNK,1960-Q4,8650.5,GDP
DNK,1960-Q3,8475,GDP
DNK,1960-Q2,8358.2,GDP
DNK,1960-Q1,8269.7,GDP
DNK,1994-Q4,116219.7,GDP
DNK,1994-Q3,112894,GDP
DNK,1994-Q2,112844.2,GDP
DNK,1998-Q4,138640.5,GDP
CRI,1998-Q1,6269.1,Investment
CRI,1997-Q4,5591.6,Investment
CRI,1997-Q3,4913.9,Investment
CRI,1997-Q2,5090.8,Investment
CRI,1997-Q1,4591,Investment
CRI,1996-Q4,4466.8,Investment
CRI,1996-Q3,4439.1,Investment
CRI,1996-Q2,4314.4,Investment
CRI,1996-Q1,4334.4,Investment
CRI,1995-Q4,4523.1,Investment
CRI,1995-Q3,4887.9,Investment
CRI,1995-Q2,4636.2,Investment
CRI,1995-Q1,4718.3,Investment
CRI,1994-Q4,4621.3,Investment
CRI,1994-Q3,4715.7,Investment
CRI,1994-Q2,4433.6,Investment
CRI,2022-Q1,22985,Investment
CRI,2021-Q4,21697.9,Investment
CRI,2021-Q3,21169.3,Investment
CRI,2021-Q2,21498.7,Investment
CRI,2021-Q1,16949.2,Investment
CRI,2020-Q4,17698.5,Investment
CRI,2020-Q3,18102,Investment
CRI,2020-Q2,18871.9,Investment
CRI,2020-Q1,17300.7,Investment
CRI,2019-Q4,19303.8,Investment
CRI,2019-Q3,18091,Investment
CRI,2019-Q2,19263.9,Investment
CRI,2019-Q1,19199.5,Investment
CRI,2018-Q4,19733.1,Investment
CRI,2018-Q3,19287.3,Investment
CRI,2018-Q2,19850.3,Investment
CRI,2018-Q1,18739.2,Investment
CRI,2017-Q4,19087.9,Investment
CRI,2017-Q3,16678.5,Investment
CRI,2017-Q2,19006.7,Investment
CRI,2017-Q1,18462.7,Investment
CRI,2016-Q4,18650.3,Investment
CRI,2016-Q3,18314.6,Investment
CRI,2016-Q2,16858.1,Investment
CRI,2016-Q1,16385.9,Investment
CRI,2015-Q4,15277.9,Investment
CRI,2015-Q3,17469.8,Investment
CRI,2015-Q2,16655.1,Investment
CRI,2015-Q1,15382.2,Investment
CRI,2014-Q4,16354.2,Investment
CRI,2014-Q3,15873.4,Investment
CRI,2014-Q2,15282.9,Investment
CRI,2014-Q1,15327.8,Investment
CRI,2013-Q4,15064.3,Investment
CRI,2013-Q3,15405.8,Investment
CRI,2013-Q2,13356.9,Investment
CRI,2013-Q1,14137.2,Investment
CRI,2012-Q4,13582,Investment
CRI,2012-Q3,14296.4,Investment
CRI,2012-Q2,13616.6,Investment
CRI,2012-Q1,13818.7,Investment
CRI,1999-Q4,6292,Investment
CRI,1999-Q3,6308.8,Investment
CRI,2011-Q4,13265.9,Investment
DNK,2018-Q1,326142,GDP
DNK,2017-Q4,323715.5,GDP
DNK,2017-Q3,319676.8,GDP
DNK,2017-Q2,318867,GDP
DNK,2017-Q1,312395.1,GDP
DNK,2016-Q4,305989.6,GDP
DNK,2016-Q3,299525.1,GDP
DNK,2016-Q2,294531.7,GDP
DNK,2016-Q1,287548.5,GDP
DNK,2015-Q4,281973.1,GDP
DNK,2015-Q3,279046.9,GDP
DNK,2015-Q2,276818.5,GDP
DNK,2015-Q1,274144,GDP
DNK,2014-Q4,272977.9,GDP
DNK,2014-Q3,271909.6,GDP
DNK,2014-Q2,268235.2,GDP
DNK,2014-Q1,267697.5,GDP
DNK,2013-Q4,267372.9,GDP
DNK,2013-Q3,265680,GDP
DNK,2013-Q2,261518.4,GDP
DNK,2013-Q1,258173.6,GDP
DNK,2012-Q4,253595.1,GDP
CRI,2004-Q3,8285.6,Investment
CRI,2015-Q2,54940.1,Consumption
CRI,2015-Q1,53385.5,Consumption
CRI,2014-Q4,53784.5,Consumption
CRI,2014-Q3,52985.8,Consumption
CRI,2014-Q2,52079.8,Consumption
CRI,2014-Q1,51052.5,Consumption
CRI,2013-Q4,49748.7,Consumption
CRI,2013-Q3,48849.4,Consumption
CRI,2013-Q2,47486,Consumption
CRI,2013-Q1,47732.2,Consumption
CRI,2012-Q4,47136.3,Consumption
CRI,2012-Q3,46507.8,Consumption
CRI,2024-Q4,99831.4,Consumption
CRI,2024-Q3,98510.1,Consumption
CRI,2024-Q2,97034.3,Consumption
CRI,2024-Q1,96643.1,Consumption
CRI,2023-Q4,95234.3,Consumption
CRI,2023-Q3,93343.6,Consumption
CRI,2023-Q2,91818.3,Consumption
CRI,2023-Q1,89532.7,Consumption
CRI,2022-Q4,87797.9,Consumption
CRI,2022-Q3,85925.3,Consumption
CRI,2022-Q2,83726.6,Consumption
CRI,2022-Q1,81234,Consumption
CRI,2021-Q4,78886.3,Consumption
CRI,2021-Q3,77151.7,Consumption
CRI,2021-Q2,75789.2,Consumption
CRI,2021-Q1,73808,Consumption
CRI,2020-Q4,67243.2,Consumption
CRI,2020-Q3,66437.8,Consumption
CRI,2020-Q2,68905.4,Consumption
CRI,2020-Q1,75455.7,Consumption
CRI,2019-Q4,76504.7,Consumption
CRI,2019-Q3,75851.3,Consumption
CRI,2019-Q2,74788.6,Consumption
CRI,2019-Q1,72650.9,Consumption
CRI,2018-Q4,70943.2,Consumption
CRI,2018-Q3,69786.1,Consumption
CRI,2018-Q2,68563,Consumption
CRI,2018-Q1,67355.8,Consumption
CRI,2017-Q4,67548.7,Consumption
CRI,2017-Q3,66004.8,Consumption
CRI,2004-Q3,27562.8,Consumption
CRI,2004-Q2,27164.4,Consumption
CRI,2004-Q1,27021.4,Consumption
CRI,2003-Q4,26402.6,Consumption
CRI,2003-Q3,26306,Consumption
CRI,2003-Q2,25630.7,Consumption
CRI,2003-Q1,25040.9,Consumption
CRI,2002-Q4,24788.2,Consumption
CRI,2002-Q3,24205.5,Consumption
CRI,2002-Q2,23398.5,Consumption
CRI,2002-Q1,23106,Consumption
CRI,2001-Q4,22466.3,Consumption
CRI,2001-Q3,22190.1,Consumption
CRI,2001-Q2,21971.5,Consumption
CRI,2001-Q1,21718.2,Consumption
DNK,2008-Q2,227499.4,GDP
DNK,2004-Q4,181991.8,GDP
DNK,2004-Q3,179508.2,GDP
DNK,2004-Q2,177579.1,GDP
DNK,2004-Q1,174765,GDP
DNK,2003-Q4,170524.1,GDP
DNK,2003-Q3,165701.4,GDP
DNK,2003-Q2,163975.2,GDP
DNK,2003-Q1,165418.5,GDP
DNK,2002-Q4,165972.6,GDP
DNK,2002-Q3,166235.1,GDP
DNK,2002-Q2,164627.4,GDP
DNK,2002-Q1,162615,GDP
DNK,2001-Q4,161343.8,GDP
DNK,2001-Q3,158732.9,GDP
DNK,2001-Q2,156518.5,GDP
DNK,2001-Q1,154957.8,GDP
DNK,2000-Q4,157340,GDP
DNK,2000-Q3,153426.3,GDP
DNK,2000-Q2,152084.6,GDP
DNK,2000-Q1,148889.7,GDP
DNK,1999-Q4,145778.1,GDP
DNK,1999-Q3,141733,GDP
DNK,1999-Q2,140405.8,GDP
DNK,1999-Q1,139218.8,GDP
CRI,1998-Q2,6234.4,Investment
CRI,1993-Q3,2662.5,Public_spending
CRI,1993-Q2,2598,Public_spending
CRI,1993-Q1,2595.5,Public_spending
CRI,1992-Q4,2338.8,Public_spending
CRI,1992-Q3,2271.6,Public_spending
CRI,1992-Q2,2274.7,Public_spending
CRI,1992-Q1,2277.6,Public_spending
CRI,1991-Q4,2293.4,Public_spending
CRI,1991-Q3,2258.1,Public_spending
CRI,1991-Q2,2193.8,Public_spending
CRI,1991-Q1,2145.8,Public_spending
CRI,2024-Q4,23078.3,Public_spending
CRI,2024-Q3,22669.6,Public_spending
CRI,2024-Q2,22255.8,Public_spending
CRI,2024-Q1,22078.2,Public_spending
CRI,2023-Q4,21747.2,Public_spending
CRI,2023-Q3,21475.6,Public_spending
CRI,2023-Q2,21283.7,Public_spending
CRI,2023-Q1,20855,Public_spending
CRI,2022-Q4,20481.1,Public_spending
CRI,2022-Q3,20128.6,Public_spending
CRI,2022-Q2,20515.2,Public_spending
CRI,2022-Q1,20357.3,Public_spending
CRI,2021-Q4,20345.6,Public_spending
CRI,2004-Q4,28167.8,Consumption
CRI,1991-Q3,12439.5,Consumption
CRI,1991-Q2,12224.7,Consumption
CRI,1991-Q1,12014.3,Consumption
CRI,2007-Q1,35314.2,Consumption
CRI,2006-Q4,34263.1,Consumption
CRI,2006-Q3,33558.5,Consumption
CRI,2006-Q2,32831.8,Consumption
CRI,2006-Q1,31735.7,Consumption
CRI,2005-Q4,31720,Consumption
CRI,2005-Q3,30539.5,Consumption
CRI,2005-Q2,29815.5,Consumption
CRI,2005-Q1,28980.9,Consumption
CRI,2012-Q2,46377,Consumption
CRI,2012-Q1,45378.1,Consumption
CRI,2011-Q4,44421.3,Consumption
CRI,2011-Q3,43321.9,Consumption
CRI,2011-Q2,42984.5,Consumption
CRI,2011-Q1,41507.8,Consumption
CRI,2010-Q4,40839.7,Consumption
CRI,2010-Q3,40238.5,Consumption
CRI,2010-Q2,39266.9,Consumption
CRI,2010-Q1,38145.1,Consumption
CRI,2009-Q4,38061.6,Consumption
CRI,2009-Q3,37539,Consumption
CRI,2009-Q2,37653.4,Consumption
CRI,2009-Q1,37469.8,Consumption
CRI,2008-Q4,40537.3,Consumption
CRI,2008-Q3,40890.9,Consumption
CRI,2008-Q2,39492.1,Consumption
CRI,2011-Q3,12721.7,Investment
CRI,2011-Q2,12430.4,Investment
CRI,2011-Q1,11694.9,Investment
CRI,2010-Q4,11647.5,Investment
CRI,2010-Q3,11853.7,Investment
CRI,2010-Q2,11881.5,Investment
CRI,2010-Q1,11763.9,Investment
CRI,2009-Q4,11692.7,Investment
CRI,2009-Q3,11806.9,Investment
CRI,2009-Q2,12068.9,Investment
CRI,2009-Q1,12176.5,Investment
CRI,2008-Q4,12952.6,Investment
CRI,2008-Q3,14002,Investment
CRI,2008-Q2,13656.4,Investment
CRI,2008-Q1,13475.7,Investment
CRI,2007-Q4,12526.4,Investment
CRI,2007-Q3,12345.8,Investment
CRI,2007-Q2,11837.5,Investment
CRI,2007-Q1,10956,Investment
CRI,2006-Q4,10502.8,Investment
CRI,2006-Q3,9920.2,Investment
CRI,2006-Q2,9252.7,Investment
CRI,2006-Q1,9211.2,Investment
CRI,2005-Q4,9536.2,Investment
CRI,2005-Q3,8447.5,Investment
CRI,2005-Q2,8180.6,Investment
CRI,2005-Q1,8386.8,Investment
CRI,2004-Q4,8172.5,Investment
CRI,2015-Q3,56161.5,Consumption
CRI,2003-Q2,5443,Public_spending
CRI,2003-Q1,5344.4,Public_spending
CRI,2002-Q4,5283.5,Public_spending
CRI,2002-Q3,5263.6,Public_spending
CRI,2002-Q2,5145.9,Public_spending
CRI,2002-Q1,5092.4,Public_spending
CRI,2001-Q4,5021.9,Public_spending
CRI,2001-Q3,4841.5,Public_spending
CRI,2001-Q2,4748.4,Public_spending
CRI,2001-Q1,4618,Public_spending
CRI,2000-Q4,4495.9,Public_spending
CRI,2021-Q3,20208.2,Public_spending
CRI,2021-Q2,19075.3,Public_spending
CRI,2021-Q1,20110.6,Public_spending
CRI,2020-Q4,19464.7,Public_spending
CRI,2020-Q3,19521.2,Public_spending
CRI,2020-Q2,20148.5,Public_spending
CRI,2020-Q1,19522.3,Public_spending
CRI,2019-Q4,19791.6,Public_spending
CRI,2019-Q3,19583.3,Public_spending
CRI,2019-Q2,19440.9,Public_spending
CRI,2019-Q1,19132.1,Public_spending
CRI,2018-Q4,17364.6,Public_spending
CRI,2018-Q3,17473.7,Public_spending
CRI,2018-Q2,17201.3,Public_spending
CRI,2018-Q1,16863.5,Public_spending
CRI,2017-Q4,16857.4,Public_spending
CRI,2017-Q3,16679.9,Public_spending
CRI,2017-Q2,16310.4,Public_spending
CRI,2017-Q1,16186.8,Public_spending
CRI,2016-Q4,15769.1,Public_spending
CRI,2016-Q3,15603.7,Public_spending
CRI,2016-Q2,15701.9,Public_spending
CRI,2016-Q1,15371.1,Public_spending
CRI,2015-Q4,14956.9,Public_spending
CRI,2015-Q3,14614.2,Public_spending
CRI,2015-Q2,14299.3,Public_spending
CRI,2015-Q1,13984.9,Public_spending
CRI,2014-Q4,13850.2,Public_spending
CRI,2014-Q3,13682.8,Public_spending
CRI,2014-Q2,13355.1,Public_spending
CRI,2009-Q1,8477.6,Public_spending
CRI,2008-Q4,8291.8,Public_spending
CRI,2008-Q3,7768.6,Public_spending
CRI,2008-Q2,7458.7,Public_spending
CRI,2008-Q1,7382.7,Public_spending
CRI,2007-Q4,6968.9,Public_spending
CRI,2007-Q3,7097.9,Public_spending
CRI,2007-Q2,6703,Public_spending
CRI,2007-Q1,6543.6,Public_spending
CRI,2006-Q4,6564.6,Public_spending
CRI,2000-Q4,21536,Consumption
CRI,2000-Q3,21157.5,Consumption
CRI,2000-Q2,20896.1,Consumption
CRI,2000-Q1,20954.8,Consumption
CRI,1999-Q4,20647.2,Consumption
CRI,1999-Q3,20479.3,Consumption
CRI,1999-Q2,20526.2,Consumption
CRI,1999-Q1,20038.7,Consumption
CRI,1998-Q4,19832.6,Consumption
CRI,1998-Q3,19605,Consumption
CRI,1998-Q2,19339.9,Consumption
CRI,1998-Q1,19276.8,Consumption
CRI,1997-Q4,18945.8,Consumption
CRI,1997-Q3,19291.1,Consumption
CRI,1991-Q4,3187.7,Investment
CRI,1991-Q3,2823.8,Investment
CRI,1991-Q2,2798.3,Investment
CRI,1991-Q1,2772.3,Investment
CRI,1994-Q1,4041.8,Investment
CRI,1993-Q4,4143.8,Investment
CRI,1993-Q3,4119.8,Investment
CRI,1993-Q2,4308.1,Investment
CRI,1993-Q1,4482.9,Investment
CRI,1992-Q4,3746.4,Investment
CRI,1992-Q3,4097.5,Investment
CRI,1992-Q2,3554.3,Investment
CRI,1992-Q1,3342.2,Investment
CRI,1999-Q2,6208,Investment
CRI,1999-Q1,6533.2,Investment
CRI,1998-Q4,6485.5,Investment
CRI,1998-Q3,6152.1,Investment
CRI,1993-Q4,2704.6,Public_spending
DNK,1975-Q2,16051.3,Consumption
DNK,1975-Q1,15679.9,Consumption
DNK,1974-Q4,14962.7,Consumption
DNK,1974-Q3,15113.1,Consumption
DNK,1974-Q2,15119.8,Consumption
DNK,1974-Q1,14463.4,Consumption
DNK,1973-Q4,14656.8,Consumption
DNK,1973-Q3,14216.7,Consumption
DNK,1973-Q2,13391.5,Consumption
DNK,1973-Q1,13215.9,Consumption
DNK,1972-Q4,12505.1,Consumption
DNK,1972-Q3,12794.8,Consumption
DNK,1972-Q2,12295.1,Consumption
DNK,1972-Q1,12098.1,Consumption
DNK,1971-Q4,12136.4,Consumption
DNK,1971-Q3,11992.9,Consumption
DNK,1971-Q2,11903.8,Consumption
DNK,1971-Q1,11453.1,Consumption
DNK,1970-Q4,11480.7,Consumption
DNK,1970-Q3,11324.7,Consumption
DNK,1970-Q2,11310.2,Consumption
DNK,1970-Q1,11078,Consumption
DNK,1969-Q4,10826.2,Consumption
DNK,1969-Q3,10499.9,Consumption
DNK,1969-Q2,10198.9,Consumption
DNK,1969-Q1,10079.9,Consumption
DNK,1968-Q4,9845.9,Consumption
DNK,1968-Q3,9412.8,Consumption
DNK,1968-Q2,9078.6,Consumption
DNK,1968-Q1,9485.2,Consumption
DNK,1967-Q4,8704.5,Consumption
DNK,1967-Q3,8288.5,Consumption
DNK,1967-Q2,9560.7,Consumption
DNK,1967-Q1,8583.2,Consumption
DNK,1966-Q4,8347.5,Consumption
DNK,1966-Q3,8286.7,Consumption
DNK,1966-Q2,7885.1,Consumption
DNK,1966-Q1,7758.7,Consumption
DNK,1965-Q4,7709.5,Consumption
DNK,1965-Q3,7372.6,Consumption
DNK,1965-Q2,7355.3,Consumption
DNK,1965-Q1,7156.2,Consumption
DNK,1964-Q4,7087,Consumption
DNK,1964-Q3,7001,Consumption
DNK,1964-Q2,6779.6,Consumption
DNK,1964-Q1,6775.3,Consumption
DNK,1963-Q4,6488.4,Consumption
DNK,1963-Q3,6329.6,Consumption
CRI,2008-Q1,39878.2,Consumption
CRI,2007-Q4,38545.5,Consumption
CRI,2007-Q3,37281.7,Consumption
CRI,2007-Q2,36553.5,Consumption
CRI,1997-Q2,18953.5,Consumption
CRI,1997-Q1,17920.3,Consumption
CRI,1996-Q4,18342.9,Consumption
CRI,1996-Q3,17908.5,Consumption
CRI,1996-Q2,17920,Consumption
CRI,1996-Q1,17264.7,Consumption
CRI,1995-Q4,16655.3,Consumption
CRI,1995-Q3,17335.3,Consumption
CRI,1995-Q2,17144.5,Consumption
CRI,1995-Q1,16089.2,Consumption
CRI,1994-Q4,16636.5,Consumption
CRI,1994-Q3,16458,Consumption
CRI,1994-Q2,15841.7,Consumption
CRI,1994-Q1,15249.3,Consumption
CRI,1993-Q4,15279,Consumption
CRI,1993-Q3,15394.9,Consumption
CRI,1993-Q2,15127.7,Consumption
CRI,1993-Q1,15449.7,Consumption
CRI,1992-Q4,14252.9,Consumption
CRI,1992-Q3,14034.8,Consumption
CRI,1992-Q2,13679.3,Consumption
CRI,1992-Q1,13397.5,Consumption
CRI,1991-Q4,12975.7,Consumption
CRI,2017-Q2,65482.3,Consumption
CRI,2017-Q1,63300.6,Consumption
CRI,2016-Q4,60626.2,Consumption
CRI,2016-Q3,60838,Consumption
CRI,2016-Q2,59176.5,Consumption
CRI,2016-Q1,58857.8,Consumption
CRI,2015-Q4,56992.9,Consumption
CRI,2003-Q3,5485,Public_spending
DNK,1986-Q4,41975.1,Consumption
DNK,1986-Q3,42632.4,Consumption
DNK,1986-Q2,41515.4,Consumption
DNK,1986-Q1,40933.4,Consumption
DNK,1985-Q4,39499.3,Consumption
DNK,1985-Q3,38824,Consumption
DNK,1985-Q2,38240.3,Consumption
DNK,1985-Q1,37497.5,Consumption
DNK,1984-Q4,36498.2,Consumption
DNK,1984-Q3,35290.9,Consumption
DNK,1984-Q2,35526.9,Consumption
DNK,1984-Q1,34877.4,Consumption
DNK,1983-Q4,34315.2,Consumption
DNK,1983-Q3,33212.8,Consumption
DNK,1983-Q2,32620.2,Consumption
DNK,1983-Q1,32065.6,Consumption
DNK,1982-Q4,31768.3,Consumption
DNK,2002-Q2,77004.3,Consumption
DNK,2002-Q1,76404,Consumption
DNK,2001-Q4,74283.4,Consumption
DNK,2001-Q3,74489.1,Consumption
DNK,2001-Q2,74180.6,Consumption
DNK,2001-Q1,72590.4,Consumption
DNK,2000-Q4,72324.3,Consumption
DNK,2000-Q3,72532.5,Consumption
DNK,2000-Q2,72032.5,Consumption
DNK,2000-Q1,71218.5,Consumption
DNK,1999-Q4,70349.8,Consumption
DNK,1999-Q3,69255.6,Consumption
DNK,1999-Q2,68022.1,Consumption
DNK,1999-Q1,69034.7,Consumption
DNK,1998-Q4,69675.5,Consumption
DNK,1998-Q3,69089,Consumption
DNK,1998-Q2,68352.5,Consumption
DNK,1998-Q1,67508.3,Consumption
DNK,1997-Q4,67324.4,Consumption
DNK,1997-Q3,65101.7,Consumption
DNK,1997-Q2,65902.5,Consumption
DNK,1997-Q1,64334.6,Consumption
DNK,1996-Q4,63333,Consumption
DNK,1996-Q3,62717.8,Consumption
DNK,1996-Q2,62570.8,Consumption
DNK,1996-Q1,61918.4,Consumption
DNK,1995-Q4,60686.4,Consumption
DNK,2024-Q4,208562.3,Consumption
CRI,2006-Q3,6274.4,Public_spending
CRI,2006-Q2,6260.2,Public_spending
CRI,2006-Q1,6101.2,Public_spending
CRI,2014-Q1,13114.7,Public_spending
CRI,2013-Q4,13009.4,Public_spending
CRI,2013-Q3,12701.4,Public_spending
CRI,2013-Q2,12297.7,Public_spending
CRI,2013-Q1,12064.1,Public_spending
CRI,2012-Q4,11869,Public_spending
CRI,2012-Q3,11505.3,Public_spending
CRI,2012-Q2,11540.7,Public_spending
CRI,2012-Q1,11449,Public_spending
CRI,2011-Q4,11078.4,Public_spending
CRI,2011-Q3,11234.1,Public_spending
CRI,2011-Q2,10947.4,Public_spending
CRI,2011-Q1,10592.2,Public_spending
CRI,2010-Q4,10471.1,Public_spending
CRI,2010-Q3,10267.7,Public_spending
CRI,2010-Q2,9891.1,Public_spending
CRI,2010-Q1,9609.5,Public_spending
CRI,2009-Q4,9412.5,Public_spending
CRI,2009-Q3,8975.2,Public_spending
CRI,2009-Q2,8892.5,Public_spending
CRI,1997-Q2,3321.7,Public_spending
CRI,1997-Q1,3153.8,Public_spending
CRI,1996-Q4,3226.8,Public_spending
CRI,1996-Q3,3222,Public_spending
CRI,1996-Q2,3160.9,Public_spending
CRI,1996-Q1,3139.8,Public_spending
CRI,1995-Q4,3009.8,Public_spending
CRI,1995-Q3,3143.5,Public_spending
CRI,1995-Q2,3131.4,Public_spending
CRI,1995-Q1,2960,Public_spending
CRI,1994-Q4,3105.7,Public_spending
CRI,1994-Q3,3027.4,Public_spending
CRI,1994-Q2,2913.4,Public_spending
CRI,1994-Q1,2732.1,Public_spending
DNK,1975-Q3,16225.6,Consumption
DNK,2010-Q1,112561.6,Consumption
DNK,2009-Q4,110047.6,Consumption
DNK,2009-Q3,109219.1,Consumption
DNK,2009-Q2,108325.4,Consumption
DNK,2009-Q1,106434.1,Consumption
DNK,2008-Q4,106551.9,Consumption
DNK,2008-Q3,109311.7,Consumption
DNK,2008-Q2,109086.2,Consumption
DNK,2008-Q1,107511.9,Consumption
DNK,2007-Q4,105344.8,Consumption
DNK,2007-Q3,102388.6,Consumption
DNK,2007-Q2,100428.4,Consumption
DNK,2007-Q1,99412.1,Consumption
DNK,2006-Q4,98597.8,Consumption
DNK,2006-Q3,96798,Consumption
DNK,2006-Q2,97492,Consumption
DNK,2006-Q1,94250.9,Consumption
DNK,2005-Q4,91558.3,Consumption
DNK,1995-Q1,59025,Consumption
DNK,2021-Q2,187554.1,Consumption
DNK,2021-Q1,172753.5,Consumption
DNK,2020-Q4,177034.9,Consumption
DNK,2020-Q3,172865.2,Consumption
DNK,2020-Q2,164537,Consumption
DNK,2020-Q1,170344.8,Consumption
DNK,2019-Q4,174018.8,Consumption
DNK,2019-Q3,169187.4,Consumption
DNK,2019-Q2,166686.5,Consumption
DNK,2019-Q1,164325.9,Consumption
DNK,2018-Q4,159844.2,Consumption
DNK,2018-Q3,159355.1,Consumption
DNK,2018-Q2,159093.7,Consumption
DNK,2018-Q1,156502.9,Consumption
DNK,2017-Q4,153829.4,Consumption
DNK,2017-Q3,149593.8,Consumption
DNK,2017-Q2,148516.5,Consumption
DNK,2017-Q1,147640.5,Consumption
DNK,2016-Q4,144305.4,Consumption
DNK,2016-Q3,140682.3,Consumption
DNK,2016-Q2,139708.9,Consumption
DNK,2016-Q1,136544.2,Consumption
DNK,2015-Q4,134531.9,Consumption
DNK,1963-Q2,6251.9,Consumption
DNK,1963-Q1,5932.7,Consumption
DNK,1962-Q4,6132.9,Consumption
DNK,1962-Q3,6102.2,Consumption
DNK,1962-Q2,6022,Consumption
DNK,1962-Q1,5891,Consumption
DNK,1961-Q4,5721.1,Consumption
DNK,1961-Q3,5551,Consumption
DNK,1961-Q2,5404,Consumption
DNK,1961-Q1,5289.4,Consumption
DNK,1960-Q4,5162.9,Consumption
DNK,1960-Q3,5056.9,Consumption
DNK,1960-Q2,4955,Consumption
DNK,1960-Q1,4871.7,Consumption
DNK,1994-Q4,58799.8,Consumption
DNK,1994-Q3,58055.1,Consumption
DNK,1994-Q2,57311.2,Consumption
DNK,1994-Q1,55759.2,Consumption
CRI,1998-Q2,3728.4,Public_spending
CRI,1998-Q1,3390.8,Public_spending
CRI,1997-Q4,3406.1,Public_spending
CRI,1997-Q3,3396.5,Public_spending
CRI,2000-Q3,4401.6,Public_spending
CRI,2000-Q2,4335.2,Public_spending
CRI,2000-Q1,4230,Public_spending
CRI,1999-Q4,4102.6,Public_spending
CRI,1999-Q3,4033.5,Public_spending
CRI,1999-Q2,3822.3,Public_spending
CRI,1999-Q1,4024.5,Public_spending
CRI,1998-Q4,3733.2,Public_spending
CRI,1998-Q3,3694,Public_spending
CRI,2005-Q4,6006,Public_spending
CRI,2005-Q3,5906.6,Public_spending
CRI,2005-Q2,5752.2,Public_spending
CRI,2005-Q1,5692.9,Public_spending
CRI,2004-Q4,5670.1,Public_spending
CRI,2004-Q3,5620.9,Public_spending
CRI,2004-Q2,5623.6,Public_spending
CRI,2004-Q1,5598.6,Public_spending
CRI,2003-Q4,5546,Public_spending
DNK,1987-Q1,41093.7,Consumption
DNK,1964-Q3,3553.8,Investment
DNK,1964-Q2,3402.1,Investment
DNK,1964-Q1,3198.2,Investment
DNK,1963-Q4,2935.3,Investment
DNK,1963-Q3,2744.7,Investment
DNK,1963-Q2,2659.7,Investment
DNK,1963-Q1,2652.7,Investment
DNK,1962-Q4,2740.5,Investment
DNK,1962-Q3,2786.9,Investment
DNK,1962-Q2,2789.3,Investment
DNK,1962-Q1,2746.7,Investment
DNK,1961-Q4,2664.2,Investment
DNK,1961-Q3,2568.5,Investment
DNK,1961-Q2,2470.3,Investment
DNK,1961-Q1,2373.4,Investment
DNK,1960-Q4,2257.7,Investment
DNK,1960-Q3,2167.6,Investment
DNK,1960-Q2,2095.9,Investment
DNK,1960-Q1,2049.2,Investment
DNK,1994-Q4,22005.1,Investment
DNK,1994-Q3,20382.3,Investment
DNK,1994-Q2,20543.7,Investment
DNK,1994-Q1,19185.7,Investment
DNK,1993-Q4,18518.5,Investment
DNK,1993-Q3,17770.7,Investment
DNK,1993-Q2,18718.8,Investment
DNK,1993-Q1,19909.3,Investment
DNK,1992-Q4,18242,Investment
DNK,1992-Q3,19183.8,Investment
DNK,1992-Q2,19806.3,Investment
DNK,1992-Q1,19077.4,Investment
DNK,1991-Q4,18672.9,Investment
DNK,1991-Q3,20256.4,Investment
DNK,1991-Q2,18775.3,Investment
DNK,1991-Q1,19598.9,Investment
DNK,1990-Q4,18798.3,Investment
DNK,1990-Q3,20675.6,Investment
DNK,1990-Q2,18613.1,Investment
DNK,1990-Q1,19172.8,Investment
DNK,2024-Q3,206274.7,Consumption
DNK,2024-Q2,207229.2,Consumption
DNK,2024-Q1,205376.6,Consumption
DNK,2023-Q4,205500.3,Consumption
DNK,2023-Q3,202152.3,Consumption
DNK,2023-Q2,201926.8,Consumption
DNK,2023-Q1,203108.2,Consumption
DNK,2022-Q4,201486.3,Consumption
DNK,2022-Q3,200086,Consumption
DNK,2022-Q2,201169.5,Consumption
DNK,2022-Q1,197610.8,Consumption
DNK,2021-Q4,202666.4,Consumption
DNK,2021-Q3,193155.3,Consumption
DNK,1995-Q3,60280,Consumption
DNK,1995-Q2,59896.1,Consumption
DNK,1982-Q3,31273.3,Consumption
DNK,1982-Q2,30995.9,Consumption
DNK,1982-Q1,30727.6,Consumption
DNK,1981-Q4,30132,Consumption
DNK,1981-Q3,28967,Consumption
DNK,1981-Q2,28585.9,Consumption
DNK,1981-Q1,28021.9,Consumption
DNK,1980-Q4,27481.9,Consumption
DNK,1980-Q3,26797.5,Consumption
DNK,1980-Q2,26074,Consumption
DNK,1980-Q1,26571.5,Consumption
DNK,1979-Q4,25995.6,Consumption
DNK,1979-Q3,25330.6,Consumption
DNK,1979-Q2,24992.7,Consumption
DNK,1979-Q1,23746.3,Consumption
DNK,1978-Q4,22439.7,Consumption
DNK,1978-Q3,22799.2,Consumption
DNK,1978-Q2,21995.5,Consumption
DNK,1978-Q1,21122,Consumption
DNK,1977-Q4,20419.4,Consumption
DNK,1977-Q3,21333.7,Consumption
DNK,1977-Q2,19973.3,Consumption
DNK,1977-Q1,19980.1,Consumption
DNK,1976-Q4,19224.7,Consumption
DNK,1976-Q3,18958.9,Consumption
DNK,1976-Q2,18335.4,Consumption
DNK,1976-Q1,18397.9,Consumption
DNK,1975-Q4,17574.7,Consumption
DNK,2010-Q2,113432.3,Consumption
DNK,1976-Q1,8760.8,Investment
DNK,1975-Q4,8076.4,Investment
DNK,1975-Q3,7581.1,Investment
DNK,1975-Q2,7404.5,Investment
DNK,1975-Q1,7476.5,Investment
DNK,1974-Q4,7849.2,Investment
DNK,1974-Q3,8125.2,Investment
DNK,1974-Q2,8196,Investment
DNK,1974-Q1,8130.7,Investment
DNK,1973-Q4,8009.4,Investment
DNK,1973-Q3,7817.2,Investment
DNK,1973-Q2,7625.1,Investment
DNK,1973-Q1,7462.1,Investment
DNK,1972-Q4,7295.4,Investment
DNK,1972-Q3,7099.9,Investment
DNK,1972-Q2,6906.9,Investment
DNK,1972-Q1,6720,Investment
DNK,1971-Q4,6512.3,Investment
DNK,1971-Q3,6352,Investment
DNK,1971-Q2,6239,Investment
DNK,1971-Q1,6161,Investment
DNK,1970-Q4,6086.3,Investment
DNK,1970-Q3,6007.8,Investment
DNK,1970-Q2,5925.9,Investment
DNK,1970-Q1,5811.7,Investment
DNK,2022-Q4,114256.3,Investment
DNK,2022-Q3,100271,Investment
DNK,2022-Q2,102125.4,Investment
DNK,2022-Q1,100101.4,Investment
DNK,2021-Q4,96410.6,Investment
DNK,2021-Q3,93093.3,Investment
DNK,2021-Q2,92657.6,Investment
DNK,2021-Q1,85894.9,Investment
DNK,2020-Q4,88532.1,Investment
DNK,2020-Q3,80704.2,Investment
DNK,2020-Q2,75803.1,Investment
DNK,2015-Q3,132845,Consumption
DNK,2015-Q2,130428.7,Consumption
DNK,2015-Q1,128535.7,Consumption
DNK,2014-Q4,128499.5,Consumption
DNK,2014-Q3,129108.4,Consumption
DNK,2014-Q2,128228.3,Consumption
DNK,2014-Q1,127610.5,Consumption
DNK,2013-Q4,128727.3,Consumption
DNK,2013-Q3,128551.3,Consumption
DNK,2013-Q2,126936.2,Consumption
DNK,2013-Q1,125463.3,Consumption
DNK,2012-Q4,123109.9,Consumption
DNK,2012-Q3,120884.4,Consumption
DNK,2012-Q2,120465.3,Consumption
DNK,2012-Q1,120148.1,Consumption
DNK,2011-Q4,120207.8,Consumption
DNK,2011-Q3,120164.5,Consumption
DNK,2011-Q2,120187.6,Consumption
DNK,2011-Q1,117507.8,Consumption
DNK,1993-Q4,54271.9,Consumption
DNK,1993-Q3,52365.7,Consumption
DNK,1993-Q2,51373,Consumption
DNK,1993-Q1,51332.5,Consumption
DNK,1992-Q4,51719.8,Consumption
DNK,1992-Q3,51184.1,Consumption
DNK,1992-Q2,50843.7,Consumption
DNK,1992-Q1,50755.3,Consumption
DNK,1991-Q4,49603.3,Consumption
DNK,1991-Q3,49269.1,Consumption
DNK,1991-Q2,48845.8,Consumption
DNK,1991-Q1,48149.8,Consumption
DNK,1990-Q4,47338,Consumption
DNK,1990-Q3,47295.7,Consumption
DNK,1990-Q2,46614.1,Consumption
DNK,1990-Q1,44882.6,Consumption
DNK,1989-Q4,45329.9,Consumption
DNK,1989-Q3,44687.4,Consumption
DNK,1989-Q2,44619.6,Consumption
DNK,1989-Q1,44116.7,Consumption
DNK,1988-Q4,43412.8,Consumption
DNK,1988-Q3,42802.1,Consumption
DNK,1988-Q2,42585.5,Consumption
DNK,1988-Q1,43755.7,Consumption
DNK,1987-Q4,42631.8,Consumption
DNK,1987-Q3,42456.2,Consumption
DNK,1987-Q2,42186.8,Consumption
DNK,1964-Q4,3640.9,Investment
DNK,2024-Q4,100850.9,Investment
DNK,2024-Q3,101052.3,Investment
DNK,2024-Q2,99489.8,Investment
DNK,2024-Q1,96294.8,Investment
DNK,2001-Q2,33731.5,Investment
DNK,2001-Q1,32235.5,Investment
DNK,2000-Q4,31625.2,Investment
DNK,2000-Q3,32765.2,Investment
DNK,2000-Q2,33320.8,Investment
DNK,2000-Q1,33568.4,Investment
DNK,1999-Q4,30488.9,Investment
DNK,1999-Q3,29261.8,Investment
DNK,1999-Q2,29021.3,Investment
DNK,1999-Q1,29719.6,Investment
DNK,1998-Q4,29625,Investment
DNK,1998-Q3,29790.1,Investment
DNK,1998-Q2,28971.8,Investment
DNK,1998-Q1,29478,Investment
DNK,1997-Q4,28276.5,Investment
DNK,1997-Q3,28115.9,Investment
DNK,1997-Q2,27200.2,Investment
DNK,1997-Q1,25786.1,Investment
DNK,1996-Q4,26072.4,Investment
DNK,1996-Q3,24928.4,Investment
DNK,1996-Q2,24043.2,Investment
DNK,2012-Q2,46361,Investment
DNK,2012-Q1,47167.6,Investment
DNK,2011-Q4,45280.6,Investment
DNK,2011-Q3,45112.9,Investment
DNK,2011-Q2,45557.7,Investment
DNK,2011-Q1,43771.6,Investment
DNK,2010-Q4,43438,Investment
DNK,2010-Q3,44083.5,Investment
DNK,1989-Q4,18633.6,Investment
DNK,1989-Q3,19291.1,Investment
DNK,1989-Q2,18645.6,Investment
DNK,1989-Q1,18603.4,Investment
DNK,1988-Q4,18352.6,Investment
DNK,1988-Q3,18234.6,Investment
DNK,1988-Q2,18065.6,Investment
DNK,1988-Q1,17285.6,Investment
DNK,1987-Q4,18827.4,Investment
DNK,1987-Q3,18890.1,Investment
DNK,1987-Q2,18505.4,Investment
DNK,1987-Q1,19185.5,Investment
DNK,1986-Q4,19705.5,Investment
DNK,1986-Q3,19549.2,Investment
DNK,1986-Q2,19357.5,Investment
DNK,1986-Q1,18656.6,Investment
DNK,1985-Q4,17922.1,Investment
DNK,1985-Q3,15900.5,Investment
DNK,1985-Q2,16330.5,Investment
DNK,1985-Q1,14367.4,Investment
DNK,1984-Q4,14210.5,Investment
DNK,1984-Q3,13716.6,Investment
DNK,1984-Q2,13742.8,Investment
DNK,1984-Q1,13391.8,Investment
DNK,1983-Q4,12205.3,Investment
DNK,1983-Q3,12139.6,Investment
DNK,1983-Q2,11844.6,Investment
DNK,1983-Q1,11313.2,Investment
DNK,1982-Q4,11356.3,Investment
DNK,1982-Q3,11574,Investment
DNK,1982-Q2,10893.4,Investment
DNK,1982-Q1,10814.4,Investment
DNK,1981-Q4,10798.5,Investment
DNK,1981-Q3,9958.8,Investment
DNK,2003-Q2,77669.9,Consumption
DNK,2003-Q1,77597.6,Consumption
DNK,2002-Q4,78452.9,Consumption
DNK,2002-Q3,78378.6,Consumption
DNK,2005-Q3,89832.5,Consumption
DNK,2005-Q2,88435.5,Consumption
DNK,2005-Q1,86460.2,Consumption
DNK,2004-Q4,88644.7,Consumption
DNK,2004-Q3,86185.9,Consumption
DNK,2004-Q2,84197.9,Consumption
DNK,2004-Q1,82487.1,Consumption
DNK,2003-Q4,80892.9,Consumption
DNK,2003-Q3,78839.2,Consumption
DNK,2010-Q4,116920.5,Consumption
DNK,2010-Q3,115633.5,Consumption
DNK,1976-Q2,9241.4,Investment
DNK,2002-Q1,34748.4,Investment
DNK,2001-Q4,34792.3,Investment
DNK,2001-Q3,33536.3,Investment
DNK,1981-Q2,9738.5,Investment
DNK,1981-Q1,9097.7,Investment
DNK,1980-Q4,10673.9,Investment
DNK,1980-Q3,10776,Investment
DNK,1980-Q2,11188.9,Investment
DNK,1980-Q1,11498.3,Investment
DNK,1979-Q4,11509.2,Investment
DNK,1979-Q3,11205,Investment
DNK,1979-Q2,11397,Investment
DNK,1979-Q1,11289.3,Investment
DNK,1978-Q4,10147.1,Investment
DNK,1978-Q3,10591.3,Investment
DNK,1978-Q2,10617.5,Investment
DNK,1978-Q1,10446.4,Investment
DNK,1977-Q4,9668.4,Investment
DNK,1977-Q3,10292.7,Investment
DNK,1977-Q2,9619.1,Investment
DNK,1977-Q1,9286.5,Investment
DNK,1976-Q4,9713.2,Investment
DNK,1976-Q3,9548.8,Investment
DNK,2023-Q4,94471.9,Investment
DNK,2023-Q3,102832,Investment
DNK,2008-Q1,52600.8,Investment
DNK,2023-Q2,98934.3,Investment
DNK,1996-Q1,22754.6,Investment
DNK,1995-Q4,24642,Investment
DNK,1995-Q3,23335.7,Investment
DNK,2020-Q1,79318.3,Investment
DNK,2019-Q4,77309.4,Investment
DNK,2019-Q3,75225.2,Investment
DNK,2019-Q2,73732.2,Investment
DNK,2019-Q1,74713.5,Investment
DNK,2018-Q4,69831.4,Investment
DNK,2018-Q3,69564.7,Investment
DNK,2018-Q2,78391.2,Investment
DNK,2018-Q1,70844.6,Investment
DNK,2017-Q4,70759.1,Investment
DNK,2017-Q3,68891.4,Investment
DNK,2017-Q2,66621.7,Investment
DNK,2017-Q1,64382.3,Investment
DNK,2016-Q4,64387.6,Investment
DNK,2016-Q3,63133.9,Investment
DNK,2016-Q2,62364.9,Investment
DNK,2016-Q1,59346.2,Investment
DNK,2015-Q4,58154.4,Investment
DNK,2015-Q3,54510.8,Investment
DNK,2015-Q2,55039.4,Investment
DNK,2015-Q1,52526.4,Investment
DNK,2014-Q4,53305.6,Investment
DNK,2014-Q3,52653.5,Investment
DNK,2014-Q2,50991.6,Investment
DNK,2014-Q1,52014.8,Investment
DNK,2013-Q4,49936.9,Investment
DNK,2013-Q3,51326.6,Investment
DNK,2013-Q2,48579.9,Investment
DNK,2013-Q1,48149.8,Investment
DNK,2012-Q4,47704.9,Investment
DNK,2012-Q3,46949.2,Investment
DNK,1969-Q4,5716.1,Investment
DNK,2023-Q1,99679.7,Investment
DNK,1969-Q3,5559.9,Investment
DNK,1969-Q2,5376.6,Investment
DNK,1969-Q1,5141.6,Investment
DNK,1968-Q4,4878.7,Investment
DNK,1968-Q3,4660.1,Investment
DNK,1968-Q2,4502.1,Investment
DNK,1968-Q1,4418.8,Investment
DNK,1967-Q4,4407.1,Investment
DNK,1967-Q3,4370.1,Investment
DNK,1967-Q2,4351.9,Investment
DNK,1967-Q1,4274.1,Investment
DNK,1966-Q4,4165.2,Investment
DNK,1966-Q3,4050.4,Investment
DNK,1966-Q2,3939.5,Investment
DNK,1966-Q1,3862.1,Investment
DNK,1965-Q4,3788.9,Investment
DNK,1965-Q3,3732.6,Investment
DNK,1965-Q2,3693.9,Investment
DNK,1965-Q1,3660.2,Investment
DNK,1995-Q1,22167,Investment
DNK,2010-Q1,41801.8,Investment
DNK,2009-Q4,41685.3,Investment
DNK,2009-Q3,45384.1,Investment
DNK,2009-Q2,43808.4,Investment
DNK,2009-Q1,48957.3,Investment
DNK,2008-Q4,51263.4,Investment
DNK,2008-Q3,52994.1,Investment
DNK,2008-Q2,52159.6,Investment
DNK,2007-Q4,50574.9,Investment
DNK,2007-Q3,49455.1,Investment
DNK,2007-Q2,49459.8,Investment
DNK,2007-Q1,51280.5,Investment
DNK,2006-Q4,47729.1,Investment
DNK,2006-Q3,49142.2,Investment
DNK,2006-Q2,48803.8,Investment
DNK,2006-Q1,43712.5,Investment
DNK,2005-Q4,41395.3,Investment
DNK,2005-Q3,39565.6,Investment
DNK,2005-Q2,39242.5,Investment
DNK,2005-Q1,36949.6,Investment
DNK,2004-Q4,38372.5,Investment
DNK,2004-Q3,37620.6,Investment
DNK,2004-Q2,35958.4,Investment
DNK,2004-Q1,35514.4,Investment
DNK,2003-Q4,35890.2,Investment
DNK,2003-Q3,34497.1,Investment
DNK,2003-Q2,32654.7,Investment
DNK,2003-Q1,34732.8,Investment
DNK,2002-Q4,33459.9,Investment
DNK,2002-Q3,33665.6,Investment
DNK,2013-Q3,229691.5,Salaries
DNK,1994-Q3,117044,Salaries
DNK,2011-Q2,221797.6,Salaries
DNK,2019-Q1,272552.8,Salaries
DNK,2013-Q2,227844.3,Salaries
DNK,2013-Q1,226709.9,Salaries
DNK,2012-Q4,227276.5,Salaries
DNK,2012-Q3,225639.4,Salaries
DNK,2012-Q2,223636.3,Salaries
DNK,2012-Q1,224659,Salaries
DNK,2011-Q4,223713.6,Salaries
DNK,2002-Q4,167670.2,Salaries
DNK,2018-Q1,263322.2,Salaries
DNK,2017-Q4,262328.3,Salaries
DNK,2017-Q3,258418.5,Salaries
DNK,2017-Q2,256124.1,Salaries
DNK,2017-Q1,253586.7,Salaries
DNK,2016-Q4,251200.4,Salaries
DNK,2016-Q3,249543.6,Salaries
DNK,2016-Q2,248856.5,Salaries
DNK,2016-Q1,246674.6,Salaries
DNK,2015-Q4,244073.5,Salaries
DNK,2015-Q3,243149.1,Salaries
DNK,2015-Q2,241426.1,Salaries
DNK,2015-Q1,239572.3,Salaries
DNK,2014-Q4,237602.8,Salaries
DNK,2014-Q3,235714.9,Salaries
DNK,2014-Q2,234420.3,Salaries
DNK,2014-Q1,233619.3,Salaries
DNK,2011-Q1,220813.1,Salaries
DNK,2002-Q3,167888,Salaries
DNK,2002-Q2,167422.5,Salaries
DNK,2002-Q1,165974.5,Salaries
DNK,2001-Q4,163777.1,Salaries
DNK,2001-Q3,162605.3,Salaries
DNK,2001-Q2,161678.1,Salaries
DNK,2001-Q1,159982.4,Salaries
DNK,1992-Q1,111617.8,Salaries
DNK,1999-Q4,150510.2,Salaries
DNK,1999-Q3,150188.6,Salaries
DNK,2000-Q3,155154.6,Salaries
DNK,2000-Q2,153737,Salaries
DNK,2000-Q1,152417.6,Salaries
DNK,2024-Q4,352033.7,Salaries
DNK,2024-Q3,346532.5,Salaries
DNK,2024-Q2,345232.6,Salaries
DNK,2024-Q1,340185.8,Salaries
DNK,2023-Q4,334264.7,Salaries
DNK,2023-Q3,331658.3,Salaries
DNK,2023-Q2,327854.4,Salaries
DNK,2023-Q1,323214.8,Salaries
DNK,2022-Q4,322822.3,Salaries
DNK,2022-Q3,315357.8,Salaries
DNK,2022-Q2,311439.1,Salaries
DNK,2022-Q1,307310.4,Salaries
DNK,2021-Q4,304176.5,Salaries
DNK,2021-Q3,295712.8,Salaries
DNK,2021-Q2,289894.6,Salaries
DNK,2021-Q1,283688.6,Salaries
DNK,2020-Q4,281523.1,Salaries
DNK,2020-Q3,278495.9,Salaries
DNK,2020-Q2,273035.3,Salaries
DNK,2020-Q1,278331,Salaries
DNK,2019-Q4,278141.9,Salaries
DNK,2019-Q3,275738.1,Salaries
DNK,2019-Q2,273578.8,Salaries
DNK,1994-Q4,118883.3,Salaries
DNK,2018-Q4,269567.2,Salaries
DNK,2018-Q3,267654.7,Salaries
DNK,2018-Q2,266338,Salaries
DNK,1991-Q4,111393.8,Salaries
DNK,1991-Q3,109521.3,Salaries
DNK,1991-Q2,108865.2,Salaries
DNK,2000-Q4,156939,Salaries
DNK,1994-Q1,114580,Salaries
DNK,1993-Q4,114831.1,Salaries
DNK,1993-Q3,112942.4,Salaries
DNK,1993-Q2,112526.5,Salaries
DNK,1993-Q1,112501,Salaries
DNK,1992-Q4,113681.4,Salaries
DNK,1992-Q3,113146.9,Salaries
DNK,1992-Q2,112667.4,Salaries
DNK,2011-Q3,222442.2,Salaries
DNK,1999-Q2,146910.9,Salaries
DNK,1999-Q1,147788.5,Salaries
DNK,1998-Q4,146208.3,Salaries
DNK,1998-Q3,143693.9,Salaries
DNK,1998-Q2,137967.3,Salaries
DNK,1998-Q1,138312.7,Salaries
DNK,1997-Q4,136998.3,Salaries
DNK,1997-Q3,134710.2,Salaries
DNK,1997-Q2,133907.7,Salaries
DNK,1997-Q1,131548.3,Salaries
DNK,1996-Q4,130472.2,Salaries
DNK,1996-Q3,129203.6,Salaries
DNK,1996-Q2,128260.2,Salaries
DNK,1996-Q1,125696.1,Salaries
DNK,1995-Q4,124169.3,Salaries
DNK,1995-Q3,122786.2,Salaries
DNK,1995-Q2,121803.8,Salaries
DNK,1995-Q1,120760.2,Salaries
DNK,1991-Q1,107967,Salaries
DNK,1994-Q2,115309.2,Salaries
DNK,2010-Q4,219871.4,Salaries
DNK,2010-Q3,218723,Salaries
DNK,2010-Q2,218227.6,Salaries
DNK,2010-Q1,218142.4,Salaries
DNK,2009-Q4,211861,Salaries
DNK,2009-Q3,217765.1,Salaries
DNK,2009-Q2,217452.5,Salaries
DNK,2009-Q1,220313.1,Salaries
DNK,2008-Q4,220926.8,Salaries
DNK,2008-Q3,219554.2,Salaries
DNK,2008-Q2,215917.7,Salaries
DNK,2008-Q1,214171.1,Salaries
DNK,2007-Q4,211858.4,Salaries
DNK,2007-Q3,208238.5,Salaries
DNK,2007-Q2,206135.8,Salaries
DNK,2007-Q1,203041.4,Salaries
DNK,2006-Q4,200157.1,Salaries
DNK,2006-Q3,194408.1,Salaries
DNK,2006-Q2,194148.1,Salaries
DNK,2006-Q1,190183.2,Salaries
DNK,2005-Q4,187480,Salaries
DNK,2005-Q3,185028.8,Salaries
DNK,2005-Q2,182520.9,Salaries
DNK,2005-Q1,181165,Salaries
DNK,2004-Q4,178184.2,Salaries
DNK,2004-Q3,177874.7,Salaries
DNK,2004-Q2,173209.1,Salaries
DNK,2004-Q1,173142.2,Salaries
DNK,2003-Q4,172585.3,Salaries
DNK,2003-Q3,171951,Salaries
DNK,2003-Q2,171038.9,Salaries
DNK,2003-Q1,168981.9,Salaries
DNK,2013-Q4,231352.7,Salaries
DNK,2002-Q2,2785.4,Employment
DNK,1994-Q3,2617.3,Employment
DNK,2011-Q2,2747.7,Employment
DNK,2018-Q4,2942.5,Employment
DNK,2013-Q2,2729.6,Employment
DNK,2013-Q1,2728.5,Employment
DNK,2012-Q4,2729,Employment
DNK,2012-Q3,2727.1,Employment
DNK,2012-Q2,2729.9,Employment
DNK,2012-Q1,2735.8,Employment
DNK,2011-Q4,2748.8,Employment
DNK,2002-Q3,2780.3,Employment
DNK,2017-Q4,2897.9,Employment
DNK,2017-Q3,2885.5,Employment
DNK,2017-Q2,2876.2,Employment
DNK,2017-Q1,2866.8,Employment
DNK,2016-Q4,2857.8,Employment
DNK,2016-Q3,2845.1,Employment
DNK,2016-Q2,2832.3,Employment
DNK,2016-Q1,2818.5,Employment
DNK,2015-Q4,2807.6,Employment
DNK,2015-Q3,2796.5,Employment
DNK,2015-Q2,2785.7,Employment
DNK,2015-Q1,2775.2,Employment
DNK,2014-Q4,2761.3,Employment
DNK,2014-Q3,2752.1,Employment
DNK,2014-Q2,2748.2,Employment
DNK,2014-Q1,2743.5,Employment
DNK,2011-Q1,2743.2,Employment
DNK,2002-Q1,2776.8,Employment
DNK,2001-Q4,2779.2,Employment
DNK,2001-Q3,2773.2,Employment
DNK,2001-Q2,2783.6,Employment
DNK,2001-Q1,2777.4,Employment
DNK,1992-Q1,2610.6,Employment
DNK,1999-Q4,2740.5,Employment
DNK,1999-Q3,2740.5,Employment
DNK,2000-Q3,2756.1,Employment
DNK,2000-Q2,2748.9,Employment
DNK,2000-Q1,2751,Employment
DNK,2024-Q4,3201.9,Employment
DNK,2024-Q3,3187.2,Employment
DNK,2024-Q2,3183.5,Employment
DNK,2024-Q1,3179.6,Employment
DNK,2023-Q4,3169.8,Employment
DNK,2023-Q3,3168.9,Employment
DNK,2023-Q2,3161.1,Employment
DNK,2023-Q1,3158.3,Employment
DNK,2022-Q4,3141.6,Employment
DNK,2022-Q3,3132.1,Employment
DNK,2022-Q2,3117.7,Employment
DNK,2022-Q1,3101,Employment
DNK,2021-Q4,3068.7,Employment
DNK,2021-Q3,3032.5,Employment
DNK,2021-Q2,2974.8,Employment
DNK,2021-Q1,2925.8,Employment
DNK,2020-Q4,2951.8,Employment
DNK,2020-Q3,2929.2,Employment
DNK,2020-Q2,2887.8,Employment
DNK,2020-Q1,2966.9,Employment
DNK,2019-Q4,2978.3,Employment
DNK,2019-Q3,2972.6,Employment
DNK,2019-Q2,2965.2,Employment
DNK,2019-Q1,2956.5,Employment
DNK,1994-Q4,2640,Employment
DNK,2018-Q1,2908.2,Employment
DNK,2018-Q3,2931.3,Employment
DNK,2018-Q2,2918.4,Employment
DNK,1991-Q4,2644.5,Employment
DNK,1991-Q3,2622,Employment
DNK,1991-Q2,2606.2,Employment
DNK,2000-Q4,2754.5,Employment
DNK,1994-Q1,2584.6,Employment
DNK,1993-Q4,2574.8,Employment
DNK,1993-Q3,2560.4,Employment
DNK,1993-Q2,2556.9,Employment
DNK,1993-Q1,2565.7,Employment
DNK,1992-Q4,2591,Employment
DNK,1992-Q3,2599.9,Employment
DNK,1992-Q2,2605,Employment
DNK,2011-Q3,2749.1,Employment
DNK,1999-Q2,2727.6,Employment
DNK,1999-Q1,2731.4,Employment
DNK,1998-Q4,2740.8,Employment
DNK,1998-Q3,2728.7,Employment
DNK,1998-Q2,2718.7,Employment
DNK,1998-Q1,2695.2,Employment
DNK,1997-Q4,2703.8,Employment
DNK,1997-Q3,2685,Employment
DNK,1997-Q2,2686.1,Employment
DNK,1997-Q1,2660.5,Employment
DNK,1996-Q4,2674.2,Employment
DNK,1996-Q3,2662.8,Employment
DNK,1996-Q2,2649.2,Employment
DNK,1996-Q1,2625.3,Employment
DNK,1995-Q4,2623.3,Employment
DNK,1995-Q3,2625,Employment
DNK,1995-Q2,2628.4,Employment
DNK,1995-Q1,2639.9,Employment
DNK,1991-Q1,2614.1,Employment
DNK,1994-Q2,2605.4,Employment
DNK,2010-Q4,2748.3,Employment
DNK,2010-Q3,2750.7,Employment
DNK,2010-Q2,2747.5,Employment
DNK,2010-Q1,2750.1,Employment
DNK,2009-Q4,2780.1,Employment
DNK,2009-Q3,2804.3,Employment
DNK,2009-Q2,2819.1,Employment
DNK,2009-Q1,2857.9,Employment
DNK,2008-Q4,2904,Employment
DNK,2008-Q3,2908.3,Employment
DNK,2008-Q2,2893.6,Employment
DNK,2008-Q1,2895.4,Employment
DNK,2007-Q4,2863.1,Employment
DNK,2007-Q3,2871.1,Employment
DNK,2007-Q2,2878.9,Employment
DNK,2007-Q1,2882.1,Employment
DNK,2006-Q4,2845.2,Employment
DNK,2006-Q3,2828.9,Employment
DNK,2006-Q2,2820.2,Employment
DNK,2006-Q1,2806.2,Employment
DNK,2005-Q4,2775.2,Employment
DNK,2005-Q3,2769.2,Employment
DNK,2005-Q2,2767.3,Employment
DNK,2005-Q1,2750,Employment
DNK,2004-Q4,2745.2,Employment
DNK,2004-Q3,2736.2,Employment
DNK,2004-Q2,2742.8,Employment
DNK,2004-Q1,2728.7,Employment
DNK,2003-Q4,2743.7,Employment
DNK,2003-Q3,2754.6,Employment
DNK,2003-Q2,2755.4,Employment
DNK,2003-Q1,2763.1,Employment
DNK,2002-Q4,2775.1,Employment
DNK,2013-Q4,2739.6,Employment
DNK,2013-Q3,2736.8,Employment
CRI,2010-Q3,1879.79753128941,Employment
CRI,2010-Q4,1884.57453128941,Employment
CRI,2011-Q1,1808.46127501626,Employment
CRI,2011-Q2,1757.486,Employment
CRI,2011-Q3,1836.80853128941,Employment
CRI,2011-Q4,1911.50267177647,Employment
CRI,2012-Q1,1954.572581083,Employment
CRI,2012-Q2,1966.302,Employment
CRI,2012-Q3,1992.83267177647,Employment
CRI,2012-Q4,1993.92853128941,Employment
CRI,2013-Q1,1990.86727501626,Employment
CRI,2013-Q2,2008.149,Employment
CRI,2013-Q3,2028.38153128941,Employment
CRI,2013-Q4,2090.06553128941,Employment
CRI,2014-Q1,2093.90127501626,Employment
CRI,2014-Q2,2047.882,Employment
CRI,2014-Q3,2067.55353128941,Employment
CRI,2014-Q4,2059.44153128941,Employment
CRI,2015-Q1,2061.30827501626,Employment
CRI,2015-Q2,2085.417,Employment
CRI,2015-Q3,2064.49953128941,Employment
CRI,2015-Q4,2029.05953128941,Employment
CRI,2016-Q1,1955.468581083,Employment
CRI,2016-Q2,1954.25,Employment
CRI,2016-Q3,1973.89153128941,Employment
CRI,2016-Q4,2058.55467177647,Employment
CRI,2017-Q1,2077.72213452919,Employment
CRI,2017-Q2,2079.76,Employment
CRI,2017-Q3,2063.58567177647,Employment
CRI,2017-Q4,1990.44467177647,Employment
CRI,2018-Q1,2021.51013452919,Employment
CRI,2018-Q2,2159.946,Employment
CRI,2018-Q3,2132.75267177647,Employment
CRI,2018-Q4,2165.95453128941,Employment
CRI,2019-Q1,2179.22327501626,Employment
CRI,2019-Q2,2182.15,Employment
CRI,2019-Q3,2163.03653128941,Employment
CRI,2019-Q4,2184.20453128941,Employment
CRI,2020-Q1,2168.702581083,Employment
CRI,2020-Q2,1745.095,Employment
CRI,2020-Q3,1847.71853128941,Employment
CRI,2020-Q4,1953.60853128941,Employment
CRI,2021-Q1,2002.21227501626,Employment
CRI,2021-Q2,1968.139,Employment
CRI,2021-Q3,2093.59153128941,Employment
CRI,2021-Q4,2105.63253128941,Employment
CRI,2022-Q1,2111.76527501626,Employment
CRI,2022-Q2,2153.737,Employment
CRI,2022-Q3,2189.80853128941,Employment
CRI,2022-Q4,2168.24967177647,Employment
CRI,2023-Q1,2114.10013452919,Employment
CRI,2023-Q2,2121.046,Employment
CRI,2023-Q3,2072.48067177647,Employment
CRI,2023-Q4,2075.58067177647,Employment
CRI,2024-Q1,2120.536581083,Employment
CRI,2024-Q2,2156.791,Employment
CRI,2024-Q3,2257.04353128941,Employment
CRI,2024-Q4,2233.13553128941,Employment
